Rk,Player,Age,Team,Pos,G,GS,MP,FG,FGA,FG%,3P,3PA,3P%,2P,2PA,2P%,eFG%,FT,FTA,FT%,ORB,DRB,TRB,AST,STL,BLK,TOV,PF,PTS,Awards,Season,is_mvp,predicted_mvp,mvp_probability
1.0,Shai Gilgeous-Alexander,26.0,OKC,PG,76.0,76.0,34.2,11.3,21.8,0.519,2.1,5.7,0.375,9.2,16.1,0.571,0.569,7.9,8.8,0.898,0.9,4.1,5.0,6.4,1.7,1.0,2.4,2.2,32.7,,2024-25,0,0,0.08235294117647059
2.0,Giannis Antetokounmpo,30.0,MIL,PF,67.0,67.0,34.2,11.8,19.7,0.601,0.2,0.9,0.222,11.6,18.7,0.62,0.607,6.5,10.6,0.617,2.2,9.7,11.9,6.5,0.9,1.2,3.1,2.3,30.4,,2024-25,0,0,0.10588235294117646
3.0,Nikola Jokić,29.0,DEN,C,70.0,70.0,36.7,11.2,19.5,0.576,2.0,4.7,0.417,9.3,14.8,0.627,0.627,5.2,6.4,0.8,2.9,9.9,12.7,10.2,1.8,0.6,3.3,2.3,29.6,,2024-25,0,0,0.2647058823529412
5.0,Anthony Edwards,23.0,MIN,SG,79.0,79.0,36.3,9.1,20.4,0.447,4.1,10.3,0.395,5.1,10.1,0.501,0.547,5.3,6.3,0.837,0.8,4.9,5.7,4.5,1.2,0.6,3.2,1.9,27.6,,2024-25,0,0,0.0058823529411764705
6.0,Jayson Tatum,26.0,BOS,PF,72.0,72.0,36.4,9.2,20.3,0.452,3.5,10.1,0.343,5.7,10.2,0.559,0.537,5.0,6.1,0.814,0.7,8.0,8.7,6.0,1.1,0.5,2.9,2.2,26.8,,2024-25,0,0,0.0
7.0,Kevin Durant,36.0,PHO,PF,62.0,62.0,36.5,9.5,18.1,0.527,2.6,6.0,0.43,7.0,12.1,0.574,0.598,4.9,5.8,0.839,0.4,5.7,6.0,4.2,0.8,1.2,3.1,1.7,26.6,,2024-25,0,0,0.011764705882352941
9.0,Cade Cunningham,23.0,DET,PG,70.0,70.0,35.0,9.8,20.8,0.469,2.1,6.0,0.356,7.6,14.8,0.515,0.521,4.5,5.3,0.846,0.8,5.3,6.1,9.1,1.0,0.8,4.4,2.8,26.1,,2024-25,0,0,0.058823529411764705
10.0,Jalen Brunson,28.0,NYK,PG,65.0,65.0,35.4,9.0,18.5,0.488,2.3,6.1,0.383,6.7,12.4,0.539,0.551,5.7,6.9,0.821,0.4,2.5,2.9,7.3,0.9,0.1,2.5,2.1,26.0,,2024-25,0,0,0.029411764705882353
12.0,Devin Booker,28.0,PHO,SG,75.0,75.0,37.3,8.7,18.9,0.461,2.4,7.3,0.332,6.3,11.6,0.542,0.525,5.8,6.4,0.894,1.0,3.1,4.1,7.1,0.9,0.2,2.9,2.6,25.6,,2024-25,0,0,0.0
18.0,Stephen Curry,36.0,GSW,PG,70.0,70.0,32.2,8.1,18.0,0.448,4.4,11.2,0.397,3.6,6.8,0.534,0.572,4.0,4.3,0.933,0.6,3.9,4.4,6.0,1.1,0.4,2.9,1.4,24.5,,2024-25,0,0,0.011764705882352941
19.0,LeBron James,40.0,LAL,SF,70.0,70.0,34.9,9.3,18.1,0.513,2.1,5.7,0.376,7.2,12.5,0.574,0.571,3.7,4.7,0.782,1.0,6.8,7.8,8.2,1.0,0.6,3.7,1.4,24.4,,2024-25,0,0,0.08235294117647059
20.0,Karl-Anthony Towns,29.0,NYK,C,72.0,72.0,35.0,8.9,16.9,0.526,2.0,4.7,0.42,6.9,12.2,0.567,0.584,4.7,5.7,0.829,2.9,9.8,12.8,3.1,1.0,0.7,2.7,3.5,24.4,,2024-25,0,0,0.0
22.0,Franz Wagner,23.0,ORL,SF,60.0,60.0,33.7,9.0,19.4,0.463,1.7,5.9,0.295,7.2,13.5,0.535,0.507,4.5,5.2,0.871,0.9,4.8,5.7,4.7,1.3,0.4,2.3,2.5,24.2,,2024-25,0,0,0.0
23.0,Trae Young,26.0,ATL,PG,76.0,76.0,36.0,7.4,18.1,0.411,2.9,8.4,0.34,4.6,9.7,0.474,0.491,6.5,7.4,0.875,0.5,2.6,3.1,11.6,1.2,0.2,4.7,1.9,24.2,,2024-25,0,0,0.05294117647058823
24.0,Donovan Mitchell,28.0,CLE,SG,71.0,71.0,31.4,8.2,18.6,0.443,3.3,8.9,0.368,5.0,9.7,0.512,0.531,4.2,5.1,0.823,0.8,3.7,4.5,5.0,1.3,0.2,2.1,2.0,24.0,,2024-25,0,0,0.0
26.0,Tyler Herro,25.0,MIA,SG,77.0,77.0,35.4,8.5,17.9,0.472,3.3,8.7,0.375,5.2,9.2,0.565,0.563,3.7,4.2,0.878,0.5,4.7,5.2,5.5,0.9,0.2,2.6,1.1,23.9,,2024-25,0,0,0.0058823529411764705
28.0,De'Aaron Fox,27.0,2TM,PG,62.0,62.0,36.1,8.7,18.8,0.463,1.9,6.1,0.31,6.8,12.6,0.538,0.514,4.2,5.1,0.827,0.9,3.9,4.8,6.3,1.5,0.4,2.8,2.6,23.5,,2024-25,0,0,0.0
29.0,Zach LaVine,29.0,2TM,SF,74.0,74.0,35.2,8.4,16.5,0.511,3.2,7.2,0.446,5.2,9.3,0.562,0.609,3.2,3.9,0.825,0.3,4.0,4.3,4.2,0.8,0.2,2.8,1.6,23.3,,2024-25,0,0,0.023529411764705882
31.0,James Harden,35.0,LAC,PG,79.0,79.0,35.3,6.7,16.4,0.41,3.0,8.5,0.352,3.7,7.9,0.472,0.501,6.4,7.3,0.874,0.7,5.1,5.8,8.7,1.5,0.7,4.3,2.1,22.8,,2024-25,0,0,0.023529411764705882
32.0,Jaylen Brown,28.0,BOS,SF,63.0,63.0,34.3,8.2,17.7,0.463,1.8,5.7,0.324,6.4,12.1,0.529,0.515,3.9,5.1,0.764,1.3,4.5,5.8,4.5,1.2,0.3,2.6,2.4,22.2,,2024-25,0,0,0.0
33.0,DeMar DeRozan,35.0,SAC,SF,77.0,77.0,35.9,8.1,17.0,0.477,1.1,3.3,0.328,7.0,13.7,0.513,0.509,4.9,5.7,0.857,0.6,3.2,3.9,4.4,0.8,0.4,1.4,1.9,22.2,,2024-25,0,0,0.0
35.0,Jaren Jackson Jr.,25.0,MEM,C,74.0,74.0,29.8,8.0,16.4,0.488,2.0,5.3,0.375,6.0,11.1,0.541,0.548,4.2,5.4,0.781,1.2,4.4,5.6,2.0,1.2,1.5,2.1,3.5,22.2,,2024-25,0,0,0.0
36.0,Norman Powell,31.0,LAC,SG,60.0,60.0,32.6,7.6,15.8,0.484,3.0,7.1,0.418,4.6,8.6,0.538,0.578,3.6,4.4,0.804,0.4,2.8,3.2,2.1,1.2,0.2,1.8,1.9,21.8,,2024-25,0,0,0.0
37.0,Jalen Williams,23.0,OKC,SG,69.0,69.0,32.4,8.2,16.9,0.484,1.8,4.9,0.365,6.4,12.0,0.533,0.537,3.4,4.3,0.789,0.9,4.5,5.3,5.1,1.6,0.7,2.2,2.3,21.6,,2024-25,0,0,0.0
39.0,Jamal Murray,27.0,DEN,PG,67.0,67.0,36.1,7.9,16.7,0.474,2.3,5.9,0.393,5.6,10.8,0.518,0.543,3.3,3.7,0.886,0.7,3.2,3.9,6.0,1.4,0.5,2.1,1.9,21.4,,2024-25,0,0,0.0
43.0,Jalen Green,22.0,HOU,SG,82.0,82.0,32.9,7.4,17.5,0.423,2.9,8.1,0.354,4.6,9.5,0.482,0.505,3.3,4.1,0.813,0.5,4.0,4.6,3.4,0.9,0.3,2.5,1.5,21.0,,2024-25,0,0,0.0
45.0,Darius Garland,25.0,CLE,PG,75.0,75.0,30.7,7.4,15.7,0.472,2.8,7.1,0.401,4.6,8.6,0.53,0.562,3.0,3.4,0.878,0.6,2.2,2.9,6.7,1.2,0.1,2.5,1.9,20.6,,2024-25,0,0,0.0
46.0,Jordan Poole,25.0,WAS,SG,68.0,68.0,29.4,6.7,15.5,0.432,3.5,9.1,0.378,3.3,6.4,0.51,0.544,3.6,4.0,0.883,0.5,2.5,3.0,4.5,1.3,0.4,3.0,3.0,20.5,,2024-25,0,0,0.0
47.0,Coby White,24.0,CHI,SG,74.0,73.0,33.1,6.9,15.1,0.453,2.9,7.9,0.37,3.9,7.3,0.544,0.55,3.7,4.1,0.902,0.3,3.4,3.7,4.5,0.9,0.2,2.4,2.1,20.4,,2024-25,0,0,0.0
48.0,Miles Bridges,26.0,CHO,PF,64.0,64.0,31.7,7.3,17.0,0.431,2.2,7.0,0.313,5.1,10.0,0.513,0.495,3.5,4.0,0.87,1.1,6.4,7.5,3.9,0.7,0.7,2.1,1.5,20.3,,2024-25,0,0,0.0
49.0,Austin Reaves,26.0,LAL,SG,73.0,73.0,34.9,6.5,14.2,0.46,2.7,7.3,0.377,3.8,6.9,0.547,0.556,4.4,5.0,0.877,0.8,3.7,4.5,5.8,1.1,0.3,2.4,2.1,20.2,,2024-25,0,0,0.0
50.0,Pascal Siakam,30.0,IND,PF,78.0,78.0,32.7,7.9,15.2,0.519,1.6,4.2,0.389,6.2,11.0,0.568,0.572,2.9,3.9,0.734,1.7,5.2,6.9,3.4,0.9,0.5,1.4,2.4,20.2,,2024-25,0,0,0.0
52.0,Scottie Barnes,23.0,TOR,PF,65.0,65.0,32.8,7.3,16.4,0.446,1.2,4.3,0.271,6.1,12.0,0.508,0.482,3.5,4.6,0.755,1.7,6.0,7.7,5.8,1.4,1.0,2.8,1.7,19.3,,2024-25,0,0,0.0
53.0,Anfernee Simons,25.0,POR,SG,70.0,70.0,32.7,6.8,16.1,0.426,3.1,8.5,0.363,3.8,7.6,0.496,0.521,2.5,2.8,0.902,0.4,2.3,2.7,4.8,0.9,0.1,2.0,1.7,19.3,,2024-25,0,0,0.0
54.0,Desmond Bane,26.0,MEM,SG,69.0,68.0,32.0,7.1,14.8,0.484,2.4,6.1,0.392,4.8,8.7,0.548,0.565,2.6,2.9,0.894,0.9,5.2,6.1,5.3,1.2,0.4,2.4,2.4,19.2,,2024-25,0,0,0.0
55.0,Domantas Sabonis,28.0,SAC,C,70.0,70.0,34.7,7.5,12.8,0.59,0.9,2.2,0.417,6.6,10.5,0.627,0.627,3.1,4.1,0.754,3.8,10.1,13.9,6.0,0.7,0.4,2.9,3.3,19.1,,2024-25,0,0,0.023529411764705882
56.0,Alperen Şengün,22.0,HOU,C,76.0,76.0,31.5,7.5,15.0,0.496,0.3,1.2,0.233,7.2,13.9,0.519,0.505,3.9,5.6,0.692,3.4,6.9,10.3,4.9,1.1,0.8,2.6,2.8,19.1,,2024-25,0,0,0.0058823529411764705
61.0,Julius Randle,30.0,MIN,PF,69.0,69.0,32.3,6.6,13.6,0.485,1.6,4.6,0.344,5.0,9.1,0.555,0.542,3.9,4.9,0.806,2.1,5.0,7.1,4.7,0.7,0.2,2.8,2.5,18.7,,2024-25,0,0,0.0
62.0,Tyrese Haliburton,24.0,IND,PG,73.0,73.0,33.6,6.5,13.8,0.473,3.0,7.7,0.388,3.5,6.1,0.581,0.582,2.6,3.0,0.851,0.6,3.0,3.5,9.2,1.4,0.7,1.6,1.3,18.6,,2024-25,0,0,0.017647058823529408
63.0,Evan Mobley,23.0,CLE,PF,71.0,71.0,30.5,7.1,12.8,0.557,1.2,3.2,0.37,5.9,9.5,0.621,0.604,3.1,4.3,0.725,2.3,7.0,9.3,3.2,0.9,1.6,2.0,2.0,18.5,,2024-25,0,0,0.0
64.0,Shaedon Sharpe,21.0,POR,SG,72.0,52.0,31.3,6.9,15.3,0.452,2.0,6.6,0.311,4.9,8.8,0.557,0.519,2.6,3.4,0.785,0.9,3.6,4.5,2.8,0.9,0.2,2.1,1.7,18.5,,2024-25,0,0,0.0
65.0,Nikola Vučević,34.0,CHI,C,73.0,72.0,31.2,7.5,14.2,0.53,1.8,4.4,0.402,5.8,9.8,0.587,0.592,1.6,2.0,0.805,2.4,7.6,10.1,3.5,0.8,0.7,1.6,2.2,18.5,,2024-25,0,0,0.0
66.0,Collin Sexton,26.0,UTA,SG,63.0,61.0,27.9,6.6,13.8,0.48,1.7,4.3,0.406,4.9,9.5,0.513,0.543,3.4,4.0,0.865,1.0,1.8,2.7,4.2,0.7,0.1,2.5,2.3,18.4,,2024-25,0,0,0.0
67.0,Michael Porter Jr.,26.0,DEN,SF,77.0,77.0,33.7,6.9,13.6,0.504,2.5,6.4,0.395,4.4,7.3,0.599,0.596,1.9,2.5,0.768,1.8,5.2,7.0,2.1,0.6,0.5,1.4,2.0,18.2,,2024-25,0,0,0.017647058823529408
68.0,Bam Adebayo,27.0,MIA,C,78.0,78.0,34.3,6.9,14.3,0.485,1.0,2.8,0.357,5.9,11.4,0.517,0.521,3.2,4.2,0.765,2.4,7.2,9.6,4.3,1.3,0.7,2.1,2.1,18.1,,2024-25,0,0,0.0
69.0,Andrew Wiggins,29.0,2TM,SF,60.0,60.0,30.7,6.3,14.0,0.448,2.2,5.8,0.374,4.1,8.2,0.501,0.526,3.3,4.3,0.763,1.5,3.0,4.5,2.6,1.0,0.8,1.7,1.7,18.0,,2024-25,0,0,0.0
70.0,OG Anunoby,27.0,NYK,PF,74.0,74.0,36.6,6.6,13.9,0.476,2.3,6.2,0.372,4.3,7.7,0.561,0.559,2.5,3.1,0.81,1.3,3.5,4.8,2.2,1.5,0.9,1.4,2.3,18.0,,2024-25,0,0,0.0
71.0,Mikal Bridges,28.0,NYK,SF,82.0,82.0,37.0,7.2,14.4,0.5,2.0,5.6,0.354,5.2,8.8,0.594,0.57,1.2,1.4,0.814,0.9,2.3,3.2,3.7,0.9,0.5,1.6,1.5,17.6,,2024-25,0,0,0.0058823529411764705
75.0,Malik Monk,26.0,SAC,SG,65.0,45.0,31.6,6.3,14.4,0.439,2.1,6.6,0.325,4.2,7.9,0.534,0.513,2.4,2.7,0.865,0.5,3.3,3.8,5.6,0.9,0.6,2.4,2.4,17.2,,2024-25,0,0,0.011764705882352941
77.0,De'Andre Hunter,27.0,2TM,SF,64.0,9.0,27.2,5.6,11.9,0.47,2.5,6.1,0.405,3.1,5.8,0.537,0.573,3.4,4.0,0.846,0.7,3.3,4.0,1.4,0.8,0.2,1.3,2.4,17.0,,2024-25,0,0,0.0
79.0,Deni Avdija,24.0,POR,SF,72.0,54.0,30.0,5.6,11.7,0.476,1.7,4.8,0.365,3.8,7.0,0.552,0.55,4.0,5.2,0.78,1.5,5.7,7.3,3.9,1.0,0.5,2.7,2.4,16.9,,2024-25,0,0,0.0
80.0,Keyonte George,21.0,UTA,PG,67.0,35.0,31.5,5.4,13.7,0.391,2.6,7.6,0.343,2.8,6.1,0.449,0.485,3.5,4.3,0.818,0.4,3.4,3.8,5.6,0.7,0.1,2.7,1.7,16.8,,2024-25,0,0,0.0
81.0,Ivica Zubac,27.0,LAC,C,80.0,80.0,32.8,7.4,11.8,0.628,0.0,0.0,,7.4,11.8,0.628,0.628,2.0,3.0,0.661,3.8,8.9,12.6,2.7,0.7,1.1,1.6,2.1,16.8,,2024-25,0,0,0.0
82.0,Derrick White,30.0,BOS,SG,76.0,76.0,33.9,5.6,12.6,0.442,3.5,9.1,0.384,2.1,3.5,0.593,0.58,1.8,2.1,0.839,0.9,3.6,4.5,4.8,0.9,1.1,1.7,1.8,16.4,,2024-25,0,0,0.0
83.0,Malik Beasley,28.0,DET,SG,82.0,18.0,27.8,5.6,13.1,0.43,3.9,9.3,0.416,1.7,3.7,0.466,0.579,1.2,1.7,0.679,0.6,2.0,2.6,1.7,0.9,0.1,1.0,1.5,16.3,,2024-25,0,0,0.017647058823529408
84.0,Devin Vassell,24.0,SAS,SG,64.0,53.0,31.0,6.2,13.9,0.443,2.5,6.7,0.368,3.7,7.2,0.513,0.532,1.5,1.9,0.792,0.5,3.5,4.0,2.9,1.3,0.5,1.4,1.7,16.3,,2024-25,0,0,0.0
88.0,Bennedict Mathurin,22.0,IND,SF,72.0,49.0,29.8,5.4,11.8,0.458,1.4,4.0,0.34,4.1,7.8,0.519,0.516,3.8,4.6,0.831,1.2,4.1,5.3,1.9,0.7,0.3,1.9,2.3,16.1,,2024-25,0,0,0.0
89.0,Myles Turner,28.0,IND,C,72.0,72.0,30.2,5.4,11.3,0.481,2.2,5.5,0.396,3.3,5.8,0.561,0.577,2.6,3.3,0.773,1.3,5.3,6.5,1.5,0.8,2.0,1.7,2.5,15.6,,2024-25,0,0,0.0
90.0,Christian Braun,23.0,DEN,SG,79.0,77.0,33.9,6.0,10.4,0.58,1.1,2.8,0.397,4.9,7.6,0.648,0.634,2.2,2.7,0.827,1.2,3.9,5.2,2.6,1.1,0.5,1.0,2.2,15.4,,2024-25,0,0,0.011764705882352941
94.0,Kelly Oubre Jr.,29.0,PHI,SF,60.0,57.0,34.6,5.8,12.4,0.47,1.2,4.0,0.293,4.6,8.3,0.555,0.518,2.3,3.1,0.751,1.6,4.5,6.1,1.8,1.5,0.5,1.3,3.0,15.1,,2024-25,0,0,0.0
96.0,Kyle Kuzma,29.0,2TM,PF,65.0,62.0,29.8,5.7,13.0,0.436,1.5,4.8,0.307,4.2,8.2,0.512,0.493,2.0,3.1,0.634,0.8,4.9,5.7,2.3,0.6,0.3,2.2,1.8,14.8,,2024-25,0,0,0.0
97.0,Stephon Castle,20.0,SAS,PG,81.0,47.0,26.7,5.2,12.2,0.428,1.2,4.1,0.285,4.0,8.1,0.501,0.476,3.1,4.2,0.724,1.1,2.6,3.7,4.1,0.9,0.3,2.2,2.0,14.7,,2024-25,0,0,0.0
100.0,Quentin Grimes,24.0,2TM,SG,75.0,37.0,26.8,5.1,11.0,0.467,2.2,5.6,0.385,3.0,5.4,0.552,0.565,2.2,2.9,0.757,0.8,3.5,4.3,3.0,1.0,0.3,1.9,1.8,14.6,,2024-25,0,0,0.0
101.0,Josh Giddey,22.0,CHI,PG,70.0,69.0,30.2,5.3,11.4,0.465,1.5,4.0,0.378,3.8,7.4,0.512,0.531,2.5,3.2,0.781,1.8,6.3,8.1,7.2,1.2,0.6,2.9,1.7,14.6,,2024-25,0,0,0.011764705882352941
106.0,Payton Pritchard,27.0,BOS,PG,80.0,3.0,28.4,5.1,10.8,0.472,3.2,7.8,0.407,1.9,3.0,0.642,0.62,0.9,1.1,0.845,1.3,2.6,3.8,3.5,0.9,0.2,1.0,1.5,14.3,,2024-25,0,0,0.0
107.0,Naz Reid,25.0,MIN,C,80.0,17.0,27.5,5.3,11.5,0.462,2.2,5.8,0.379,3.1,5.8,0.544,0.556,1.4,1.8,0.776,1.2,4.9,6.0,2.3,0.7,0.9,1.4,2.4,14.2,,2024-25,0,0,0.0
108.0,Dyson Daniels,21.0,ATL,SG,76.0,76.0,33.8,6.0,12.1,0.493,1.1,3.1,0.34,4.9,9.1,0.545,0.536,1.1,1.8,0.593,1.6,4.3,5.9,4.4,3.0,0.7,2.0,2.3,14.1,,2024-25,0,0,0.035294117647058816
110.0,Amen Thompson,22.0,HOU,SF,69.0,42.0,32.2,5.6,10.1,0.557,0.4,1.3,0.275,5.3,8.8,0.599,0.575,2.4,3.6,0.684,2.8,5.4,8.2,3.8,1.4,1.3,2.0,2.4,14.1,,2024-25,0,0,0.0058823529411764705
111.0,Fred VanVleet,30.0,HOU,PG,60.0,60.0,35.2,4.8,12.7,0.378,2.7,7.7,0.345,2.1,5.0,0.43,0.483,1.9,2.3,0.81,0.5,3.2,3.7,5.6,1.6,0.4,1.5,2.3,14.1,,2024-25,0,0,0.0058823529411764705
112.0,Dillon Brooks,29.0,HOU,SF,75.0,75.0,31.8,5.1,11.9,0.429,2.5,6.3,0.397,2.6,5.7,0.465,0.533,1.3,1.6,0.818,1.0,2.7,3.7,1.7,0.8,0.2,1.0,3.2,14.0,,2024-25,0,0,0.0
114.0,Klay Thompson,34.0,DAL,SF,72.0,72.0,27.3,5.0,12.2,0.412,3.0,7.7,0.391,2.0,4.5,0.448,0.535,0.9,1.0,0.905,0.6,2.8,3.4,2.0,0.7,0.4,1.2,1.1,14.0,,2024-25,0,0,0.0
116.0,Tobias Harris,32.0,DET,PF,73.0,73.0,31.6,5.3,11.0,0.477,1.2,3.6,0.345,4.0,7.4,0.542,0.534,2.0,2.3,0.861,0.9,5.0,5.9,2.2,1.0,0.8,1.2,1.9,13.7,,2024-25,0,0,0.0
117.0,Josh Hart,29.0,NYK,SG,77.0,77.0,37.6,5.2,10.0,0.525,1.1,3.3,0.333,4.2,6.7,0.618,0.579,2.1,2.7,0.776,2.1,7.5,9.6,5.9,1.5,0.4,2.1,2.6,13.6,,2024-25,0,0,0.0058823529411764705
118.0,Jarrett Allen,26.0,CLE,C,82.0,82.0,28.0,5.5,7.8,0.706,0.0,0.1,0.0,5.5,7.7,0.712,0.706,2.4,3.4,0.718,2.6,7.1,9.7,1.9,0.9,0.9,1.2,1.5,13.5,,2024-25,0,0,0.0
119.0,Onyeka Okongwu,24.0,ATL,C,74.0,40.0,27.9,5.2,9.2,0.567,0.6,2.0,0.324,4.6,7.2,0.634,0.602,2.2,2.9,0.759,3.0,5.9,8.9,2.3,0.9,0.9,1.2,2.6,13.4,,2024-25,0,0,0.0
120.0,Russell Westbrook,36.0,DEN,PG,75.0,36.0,27.9,5.0,11.1,0.449,1.3,3.9,0.323,3.7,7.2,0.517,0.505,2.1,3.1,0.661,1.4,3.6,4.9,6.1,1.4,0.5,3.2,2.5,13.3,,2024-25,0,0,0.0
121.0,Naji Marshall,27.0,DAL,SF,69.0,31.0,27.8,5.2,10.3,0.508,0.9,3.2,0.275,4.4,7.2,0.611,0.551,1.9,2.3,0.813,1.1,3.7,4.8,3.0,1.0,0.2,1.6,1.6,13.2,,2024-25,0,0,0.0
122.0,Dennis Schröder,31.0,3TM,PG,75.0,49.0,28.1,4.5,11.0,0.406,1.7,4.9,0.342,2.8,6.1,0.458,0.483,2.4,2.9,0.838,0.4,2.3,2.6,5.4,0.9,0.2,1.9,2.4,13.1,,2024-25,0,0,0.0
124.0,Brook Lopez,36.0,MIL,C,80.0,80.0,31.8,4.9,9.7,0.509,1.7,4.7,0.373,3.2,5.0,0.636,0.599,1.4,1.7,0.826,1.4,3.6,5.0,1.8,0.6,1.9,1.1,2.1,13.0,,2024-25,0,0,0.0
125.0,Alex Sarr,19.0,WAS,C,67.0,67.0,27.1,4.9,12.4,0.394,1.6,5.1,0.308,3.3,7.3,0.454,0.457,1.7,2.5,0.679,1.9,4.6,6.5,2.4,0.7,1.5,1.7,2.2,13.0,,2024-25,0,0,0.0
128.0,Scoot Henderson,20.0,POR,PG,66.0,10.0,26.7,4.3,10.4,0.419,1.6,4.5,0.354,2.8,5.9,0.469,0.496,2.4,3.1,0.767,0.8,2.2,3.0,5.1,1.0,0.2,2.7,2.7,12.7,,2024-25,0,0,0.0
129.0,Keldon Johnson,25.0,SAS,SF,77.0,0.0,23.9,4.8,10.0,0.482,1.1,3.6,0.318,3.7,6.4,0.573,0.538,1.9,2.5,0.773,1.5,3.4,4.8,1.6,0.6,0.3,1.0,1.5,12.7,,2024-25,0,0,0.0
131.0,Zaccharie Risacher,19.0,ATL,SF,75.0,73.0,24.6,4.8,10.4,0.458,1.6,4.6,0.355,3.1,5.8,0.54,0.537,1.4,2.0,0.711,1.1,2.4,3.6,1.2,0.7,0.5,1.2,2.0,12.6,,2024-25,0,0,0.0
132.0,Santi Aldama,24.0,MEM,PF,65.0,16.0,25.5,4.8,10.0,0.483,1.8,5.0,0.368,3.0,5.0,0.599,0.576,1.0,1.4,0.691,1.4,5.0,6.4,2.9,0.8,0.4,1.1,1.2,12.5,,2024-25,0,0,0.0
133.0,Ty Jerome,27.0,CLE,SG,70.0,3.0,19.9,4.6,8.8,0.516,1.6,3.6,0.439,3.0,5.2,0.57,0.606,1.8,2.1,0.872,0.7,1.8,2.5,3.4,1.1,0.0,1.3,1.5,12.5,,2024-25,0,0,0.023529411764705882
134.0,Keegan Murray,24.0,SAC,PF,76.0,76.0,34.3,4.8,10.8,0.444,2.0,5.9,0.343,2.8,4.9,0.566,0.538,0.8,0.9,0.833,1.9,4.8,6.7,1.4,0.8,0.9,0.8,2.4,12.4,,2024-25,0,0,0.0
136.0,Harrison Barnes,32.0,SAS,PF,82.0,82.0,27.2,4.2,8.3,0.508,1.9,4.4,0.433,2.3,3.9,0.591,0.622,2.0,2.4,0.809,1.2,2.6,3.8,1.7,0.5,0.2,0.6,0.9,12.3,,2024-25,0,0,0.0
140.0,Jaden McDaniels,24.0,MIN,PF,82.0,82.0,31.9,4.9,10.2,0.477,1.2,3.7,0.33,3.6,6.5,0.561,0.537,1.3,1.6,0.813,1.6,4.2,5.7,2.0,1.3,0.9,1.2,2.7,12.2,,2024-25,0,0,0.0
142.0,Caris LeVert,30.0,2TM,SG,64.0,3.0,24.9,4.4,9.4,0.467,1.7,4.4,0.373,2.7,4.9,0.552,0.556,1.7,2.4,0.71,0.6,2.5,3.2,3.4,0.9,0.5,1.2,1.5,12.1,,2024-25,0,0,0.0
145.0,Rudy Gobert,32.0,MIN,C,72.0,72.0,33.2,4.7,7.1,0.669,0.0,0.0,,4.7,7.1,0.669,0.669,2.6,3.8,0.674,3.7,7.2,10.9,1.8,0.8,1.4,1.2,2.5,12.0,,2024-25,0,0,0.0
147.0,Aaron Wiggins,26.0,OKC,SG,76.0,26.0,22.9,4.7,9.6,0.488,1.7,4.5,0.383,3.0,5.1,0.578,0.577,1.0,1.2,0.831,1.1,2.8,3.9,1.8,0.8,0.2,0.9,1.3,12.0,,2024-25,0,0,0.0
149.0,Jalen Duren,21.0,DET,C,78.0,78.0,26.1,4.8,7.0,0.692,0.0,0.0,,4.8,7.0,0.692,0.692,2.1,3.1,0.669,3.6,6.8,10.3,2.7,0.7,1.1,1.7,3.2,11.8,,2024-25,0,0,0.0
150.0,Donte DiVincenzo,28.0,MIN,SG,62.0,10.0,25.9,4.0,9.6,0.422,2.8,7.1,0.397,1.2,2.5,0.49,0.568,0.8,1.0,0.778,0.5,3.2,3.7,3.6,1.2,0.3,1.6,1.8,11.7,,2024-25,0,0,0.0
151.0,Brandin Podziemski,21.0,GSW,SG,64.0,33.0,26.8,4.4,9.8,0.445,1.8,4.8,0.372,2.6,5.0,0.516,0.537,1.1,1.5,0.758,1.0,4.1,5.1,3.4,1.1,0.2,1.2,1.5,11.7,,2024-25,0,0,0.0
152.0,Corey Kispert,25.0,WAS,SF,61.0,0.0,26.3,4.2,9.3,0.451,2.0,5.4,0.364,2.2,3.9,0.574,0.558,1.2,1.4,0.852,0.6,2.4,3.0,1.7,0.4,0.2,1.0,1.6,11.6,,2024-25,0,0,0.0
154.0,Toumani Camara,24.0,POR,PF,78.0,78.0,32.7,4.2,9.2,0.458,1.7,4.6,0.375,2.5,4.6,0.542,0.552,1.2,1.6,0.722,2.2,3.6,5.8,2.2,1.5,0.6,1.4,2.9,11.3,,2024-25,0,0,0.0
156.0,Buddy Hield,32.0,GSW,SG,82.0,22.0,22.7,4.0,9.6,0.417,2.5,6.7,0.37,1.5,2.9,0.527,0.546,0.6,0.8,0.828,0.6,2.6,3.2,1.6,0.8,0.3,1.1,1.6,11.1,,2024-25,0,0,0.0
157.0,Jrue Holiday,34.0,BOS,PG,62.0,62.0,30.6,4.1,9.2,0.443,1.7,4.9,0.353,2.4,4.3,0.547,0.538,1.1,1.2,0.909,1.2,3.0,4.3,3.9,1.1,0.4,1.2,1.6,11.1,,2024-25,0,0,0.0
159.0,Gary Trent Jr.,26.0,MIL,SG,74.0,9.0,25.6,3.8,8.9,0.431,2.4,5.9,0.416,1.4,3.0,0.46,0.568,1.1,1.2,0.848,0.3,2.0,2.3,1.2,1.0,0.1,0.6,1.7,11.1,,2024-25,0,0,0.0
160.0,Spencer Dinwiddie,31.0,DAL,PG,79.0,30.0,27.0,3.6,8.6,0.416,1.4,4.1,0.334,2.2,4.5,0.492,0.496,2.5,3.1,0.802,0.2,2.4,2.6,4.4,0.9,0.2,1.3,1.5,11.0,,2024-25,0,0,0.0
161.0,Tim Hardaway Jr.,32.0,DET,SG,77.0,77.0,28.0,3.6,8.8,0.406,2.2,5.9,0.368,1.4,2.9,0.484,0.529,1.6,1.9,0.855,0.2,2.1,2.4,1.6,0.5,0.1,0.6,1.2,11.0,,2024-25,0,0,0.0
162.0,Duncan Robinson,30.0,MIA,SF,74.0,37.0,24.1,3.9,9.0,0.437,2.6,6.5,0.393,1.4,2.4,0.556,0.581,0.6,0.7,0.887,0.2,2.0,2.3,2.4,0.5,0.1,1.2,1.8,11.0,,2024-25,0,0,0.0058823529411764705
163.0,Guerschon Yabusele,29.0,PHI,C,70.0,43.0,27.1,4.0,8.0,0.501,1.5,3.9,0.38,2.5,4.1,0.616,0.593,1.4,2.0,0.725,1.9,3.7,5.6,2.1,0.8,0.3,1.2,2.3,11.0,,2024-25,0,0,0.0
164.0,Brice Sensabaugh,21.0,UTA,SF,71.0,15.0,20.2,3.9,8.4,0.459,2.2,5.2,0.422,1.7,3.2,0.52,0.59,0.9,1.0,0.89,0.6,2.4,3.0,1.5,0.6,0.1,1.5,1.6,10.9,,2024-25,0,0,0.0
169.0,Grayson Allen,29.0,PHO,SG,64.0,7.0,24.1,3.4,7.6,0.448,2.3,5.5,0.426,1.1,2.2,0.504,0.6,1.5,1.8,0.816,0.5,2.5,3.0,2.1,0.8,0.3,1.2,1.5,10.6,,2024-25,0,0,0.0
170.0,Keon Johnson,22.0,BRK,SG,79.0,56.0,24.4,3.8,9.9,0.389,1.6,5.1,0.314,2.2,4.8,0.468,0.47,1.4,1.8,0.77,0.8,3.0,3.8,2.2,1.0,0.4,1.5,2.6,10.6,,2024-25,0,0,0.0
171.0,Terry Rozier,30.0,MIA,PG,64.0,23.0,25.9,3.9,9.9,0.391,1.4,4.8,0.295,2.5,5.1,0.48,0.462,1.4,1.7,0.852,0.7,3.0,3.7,2.6,0.6,0.2,1.2,1.1,10.6,,2024-25,0,0,0.0
172.0,Obi Toppin,26.0,IND,PF,79.0,4.0,19.6,4.0,7.6,0.529,1.4,3.8,0.365,2.6,3.8,0.695,0.621,1.1,1.4,0.781,0.7,3.3,4.0,1.6,0.6,0.4,0.9,1.4,10.5,,2024-25,0,0,0.0
173.0,Jonas Valančiūnas,32.0,2TM,C,81.0,21.0,18.8,4.3,7.7,0.55,0.1,0.5,0.216,4.2,7.3,0.571,0.557,1.8,2.0,0.879,2.3,5.4,7.7,2.0,0.5,0.6,1.5,2.2,10.4,,2024-25,0,0,0.0
174.0,Ochai Agbaji,24.0,TOR,SG,64.0,45.0,27.2,4.2,8.3,0.498,1.6,4.0,0.399,2.6,4.4,0.587,0.593,0.5,0.8,0.708,1.0,2.8,3.8,1.5,0.9,0.5,0.8,2.0,10.4,,2024-25,0,0,0.0
175.0,Jaylen Wells,21.0,MEM,SG,79.0,74.0,25.9,3.6,8.6,0.425,1.7,5.0,0.352,1.9,3.6,0.525,0.527,1.4,1.7,0.822,1.1,2.3,3.4,1.7,0.6,0.1,0.9,1.8,10.4,,2024-25,0,0,0.0
177.0,Kevin Porter Jr.,24.0,2TM,SG,75.0,4.0,19.8,3.9,8.7,0.449,0.7,2.4,0.311,3.2,6.3,0.501,0.492,1.7,2.3,0.769,0.6,3.1,3.7,3.4,1.1,0.2,1.8,1.6,10.3,,2024-25,0,0,0.0
179.0,Nic Claxton,25.0,BRK,C,70.0,62.0,26.9,4.6,8.1,0.563,0.1,0.3,0.238,4.5,7.8,0.576,0.568,1.1,2.2,0.513,2.2,5.1,7.4,2.2,0.9,1.4,1.2,2.1,10.3,,2024-25,0,0,0.0
182.0,Isaiah Joe,25.0,OKC,SG,74.0,16.0,21.7,3.5,7.9,0.44,2.6,6.3,0.412,0.9,1.6,0.549,0.604,0.6,0.8,0.821,0.6,2.1,2.6,1.6,0.6,0.1,0.5,1.5,10.2,,2024-25,0,0,0.0
183.0,Tyus Jones,28.0,PHO,PG,81.0,58.0,26.8,3.8,8.4,0.448,2.0,5.0,0.414,1.7,3.5,0.496,0.57,0.6,0.7,0.895,0.5,1.9,2.4,5.3,0.9,0.1,1.1,0.8,10.2,,2024-25,0,0,0.0
186.0,Luguentz Dort,25.0,OKC,SF,71.0,71.0,29.2,3.6,8.4,0.435,2.4,5.8,0.412,1.2,2.5,0.489,0.578,0.5,0.6,0.717,1.3,2.9,4.1,1.6,1.1,0.5,0.7,2.9,10.1,,2024-25,0,0,0.0
188.0,Derrick Jones Jr.,27.0,LAC,SF,77.0,55.0,24.3,4.0,7.6,0.526,1.0,2.8,0.356,3.0,4.8,0.627,0.593,1.1,1.5,0.703,1.2,2.2,3.4,0.8,1.0,0.4,0.9,2.0,10.1,,2024-25,0,0,0.0
191.0,Andrew Nembhard,25.0,IND,SG,65.0,65.0,28.9,3.8,8.3,0.458,0.8,2.7,0.291,3.0,5.6,0.538,0.506,1.7,2.1,0.794,0.5,2.8,3.3,5.0,1.2,0.2,1.7,2.3,10.0,,2024-25,0,0,0.0
192.0,Ziaire Williams,23.0,BRK,SF,63.0,45.0,24.5,3.4,8.3,0.412,1.6,4.8,0.341,1.8,3.5,0.509,0.511,1.6,2.0,0.821,1.0,3.6,4.6,1.3,1.0,0.4,1.1,2.4,10.0,,2024-25,0,0,0.0
193.0,Kevin Huerter,26.0,2TM,SG,69.0,31.0,24.3,3.7,8.8,0.425,1.9,5.7,0.338,1.8,3.1,0.587,0.535,0.5,0.7,0.714,0.4,2.5,3.0,2.3,1.0,0.3,1.0,1.8,9.9,,2024-25,0,0,0.0
194.0,Georges Niang,31.0,2TM,PF,79.0,3.0,21.5,3.6,7.8,0.461,2.1,5.2,0.406,1.5,2.7,0.569,0.595,0.6,0.7,0.793,0.6,2.8,3.4,1.4,0.4,0.2,1.0,2.5,9.9,,2024-25,0,0,0.0
195.0,Julian Champagnie,23.0,SAS,SF,82.0,29.0,23.6,3.4,8.1,0.415,2.2,5.9,0.371,1.2,2.3,0.53,0.549,1.0,1.1,0.904,0.8,3.1,3.9,1.4,0.7,0.4,0.9,1.4,9.9,,2024-25,0,0,0.0
196.0,Scotty Pippen Jr.,24.0,MEM,PG,79.0,21.0,21.3,3.6,7.5,0.48,1.1,2.8,0.397,2.5,4.7,0.528,0.553,1.5,2.2,0.713,0.8,2.5,3.3,4.4,1.3,0.4,1.7,2.6,9.9,,2024-25,0,0,0.0
197.0,Nick Smith Jr.,20.0,CHO,SG,60.0,27.0,22.8,3.7,9.5,0.391,1.7,5.1,0.34,2.0,4.4,0.45,0.482,0.7,0.8,0.935,0.2,1.9,2.1,2.4,0.3,0.1,1.4,1.3,9.9,,2024-25,0,0,0.0
198.0,Bub Carrington,19.0,WAS,PG,82.0,57.0,30.0,3.7,9.1,0.401,1.7,5.0,0.339,2.0,4.2,0.475,0.493,0.8,1.0,0.812,0.4,3.8,4.2,4.4,0.7,0.3,1.7,2.3,9.8,,2024-25,0,0,0.0
199.0,Moses Moody,22.0,GSW,SG,74.0,34.0,22.3,3.3,7.7,0.433,1.7,4.6,0.374,1.6,3.1,0.519,0.544,1.4,1.8,0.797,0.7,1.9,2.6,1.3,0.8,0.4,0.7,1.6,9.8,,2024-25,0,0,0.0
200.0,Amir Coffey,27.0,LAC,SG,72.0,13.0,24.3,3.3,7.1,0.471,1.4,3.4,0.409,1.9,3.7,0.529,0.57,1.6,1.8,0.891,0.4,1.8,2.2,1.1,0.6,0.1,0.6,1.7,9.7,,2024-25,0,0,0.0
201.0,Max Christie,21.0,2TM,SG,78.0,36.0,27.3,3.2,7.6,0.427,1.5,4.0,0.366,1.8,3.5,0.496,0.525,1.7,1.9,0.855,0.5,2.8,3.3,1.9,0.8,0.4,1.1,1.5,9.6,,2024-25,0,0,0.0
202.0,Kyle Filipowski,21.0,UTA,C,72.0,27.0,21.1,3.6,7.2,0.502,1.1,3.1,0.35,2.5,4.1,0.614,0.576,1.3,2.0,0.65,1.6,4.6,6.1,1.9,0.7,0.3,1.4,2.4,9.6,,2024-25,0,0,0.0058823529411764705
204.0,Miles McBride,24.0,NYK,PG,64.0,10.0,24.9,3.5,8.5,0.406,1.8,4.9,0.369,1.7,3.7,0.455,0.511,0.8,1.0,0.813,0.7,1.8,2.5,2.9,1.0,0.3,0.6,1.7,9.5,,2024-25,0,0,0.0
205.0,Jalen Wilson,24.0,BRK,PF,79.0,22.0,25.7,3.1,7.8,0.397,1.5,4.6,0.337,1.6,3.3,0.481,0.495,1.7,2.1,0.818,0.9,2.5,3.4,1.8,0.5,0.1,1.0,2.1,9.5,,2024-25,0,0,0.0
206.0,Nickeil Alexander-Walker,26.0,MIN,SG,82.0,10.0,25.3,3.3,7.5,0.438,1.7,4.5,0.381,1.6,3.0,0.524,0.553,1.1,1.4,0.78,0.7,2.6,3.2,2.7,0.6,0.4,1.2,1.7,9.4,,2024-25,0,0,0.0
207.0,Cole Anthony,24.0,ORL,PG,67.0,22.0,18.4,3.4,8.1,0.424,1.1,3.3,0.353,2.3,4.9,0.471,0.494,1.4,1.7,0.823,0.7,2.4,3.0,2.9,0.7,0.5,1.5,2.3,9.4,,2024-25,0,0,0.0
208.0,Anthony Black,21.0,ORL,PG,78.0,10.0,24.2,3.4,7.9,0.423,0.8,2.5,0.318,2.6,5.4,0.471,0.473,1.9,2.5,0.761,0.7,2.3,2.9,3.1,1.1,0.6,1.8,2.1,9.4,,2024-25,0,0,0.0
213.0,Kel'el Ware,20.0,MIA,C,64.0,36.0,22.2,4.0,7.3,0.554,0.5,1.7,0.315,3.5,5.5,0.629,0.592,0.7,1.0,0.687,1.8,5.6,7.4,0.9,0.6,1.1,0.9,1.7,9.3,,2024-25,0,0,0.0
214.0,Zach Edey,22.0,MEM,C,66.0,55.0,21.5,3.8,6.6,0.58,0.3,0.8,0.346,3.5,5.8,0.612,0.6,1.4,1.9,0.709,3.5,4.8,8.3,1.0,0.5,1.3,1.3,2.8,9.2,,2024-25,0,0,0.0
215.0,Wendell Carter Jr.,25.0,ORL,C,68.0,51.0,25.9,3.3,7.2,0.46,0.5,2.3,0.234,2.8,4.9,0.568,0.498,1.9,2.6,0.737,2.2,5.0,7.2,2.0,0.8,0.6,1.1,2.9,9.1,,2024-25,0,0,0.0
217.0,Dalton Knecht,23.0,LAL,SF,78.0,16.0,19.2,3.3,7.1,0.461,1.6,4.4,0.376,1.7,2.8,0.594,0.576,0.8,1.1,0.762,0.5,2.3,2.8,0.8,0.3,0.1,0.5,1.2,9.1,,2024-25,0,0,0.0
219.0,T.J. McConnell,32.0,IND,PG,79.0,1.0,17.9,4.1,7.9,0.519,0.2,0.6,0.306,3.9,7.3,0.537,0.531,0.7,1.0,0.74,0.6,1.9,2.4,4.4,1.1,0.3,1.4,1.0,9.1,,2024-25,0,0,0.0
220.0,Yves Missi,20.0,NOP,C,73.0,67.0,26.8,3.7,6.7,0.547,0.0,0.0,0.0,3.7,6.7,0.548,0.547,1.7,2.8,0.623,3.5,4.7,8.2,1.4,0.5,1.3,1.1,2.0,9.1,,2024-25,0,0,0.0
221.0,Royce O'Neale,31.0,PHO,SF,75.0,22.0,24.5,3.2,7.6,0.423,2.4,5.9,0.406,0.8,1.7,0.481,0.58,0.3,0.3,0.731,0.7,3.9,4.7,2.2,0.9,0.5,0.9,2.0,9.1,,2024-25,0,0,0.0
222.0,Jared Butler,24.0,2TM,SG,60.0,17.0,17.4,3.4,7.6,0.448,1.0,2.8,0.355,2.4,4.7,0.504,0.514,1.3,1.5,0.824,0.4,1.4,1.8,3.7,0.7,0.2,1.3,1.6,9.0,,2024-25,0,0,0.0
224.0,Draymond Green,34.0,GSW,PF,68.0,66.0,29.2,3.2,7.5,0.424,1.2,3.6,0.325,2.0,3.9,0.517,0.503,1.5,2.2,0.687,1.1,5.0,6.1,5.6,1.5,1.0,2.6,3.2,9.0,,2024-25,0,0,0.0
226.0,Al Horford,38.0,BOS,C,60.0,42.0,27.7,3.3,7.7,0.423,1.9,5.2,0.363,1.4,2.5,0.551,0.547,0.6,0.6,0.895,1.3,4.8,6.2,2.1,0.6,0.9,0.8,1.4,9.0,,2024-25,0,0,0.0
227.0,Julian Strawther,22.0,DEN,SG,65.0,4.0,21.3,3.2,7.5,0.432,1.4,4.1,0.349,1.8,3.3,0.535,0.529,1.1,1.4,0.822,0.3,1.9,2.2,1.3,0.6,0.2,0.9,2.3,9.0,,2024-25,0,0,0.0
228.0,Patrick Williams,23.0,CHI,PF,63.0,36.0,25.0,3.3,8.2,0.397,1.5,4.3,0.353,1.7,3.9,0.447,0.49,1.0,1.3,0.723,0.7,3.1,3.8,2.0,0.8,0.5,1.4,1.4,9.0,,2024-25,0,0,0.0
231.0,Johnny Juzang,23.0,UTA,SG,64.0,18.0,19.8,3.2,7.4,0.429,1.8,4.9,0.376,1.3,2.5,0.534,0.554,0.7,0.8,0.849,0.7,2.2,2.9,1.1,0.6,0.1,0.6,2.0,8.9,,2024-25,0,0,0.0
232.0,Luke Kennard,28.0,MEM,SG,65.0,11.0,22.6,3.2,6.6,0.478,1.7,4.0,0.433,1.4,2.6,0.547,0.609,0.8,0.9,0.895,0.6,2.2,2.8,3.3,0.8,0.1,1.1,0.9,8.9,,2024-25,0,0,0.0
233.0,Justin Champagnie,23.0,WAS,SF,62.0,31.0,21.6,3.4,6.6,0.511,1.2,3.1,0.383,2.2,3.5,0.624,0.601,0.8,1.2,0.685,1.8,3.9,5.7,1.0,1.0,0.6,0.9,1.8,8.8,,2024-25,0,0,0.0058823529411764705
235.0,Chris Paul,39.0,SAS,PG,82.0,82.0,28.0,3.0,7.1,0.427,1.7,4.5,0.377,1.3,2.6,0.514,0.547,1.0,1.1,0.924,0.4,3.2,3.6,7.4,1.3,0.3,1.6,1.8,8.8,,2024-25,0,0,0.0058823529411764705
237.0,Dorian Finney-Smith,31.0,2TM,PF,63.0,40.0,28.9,3.1,6.9,0.448,2.0,5.0,0.411,1.0,1.9,0.545,0.597,0.5,0.7,0.667,1.3,2.7,3.9,1.4,0.9,0.4,0.9,2.2,8.7,,2024-25,0,0,0.0
239.0,Kentavious Caldwell-Pope,31.0,ORL,SG,77.0,77.0,29.6,3.1,7.1,0.439,1.5,4.3,0.342,1.6,2.8,0.589,0.543,1.1,1.2,0.863,0.4,1.8,2.2,1.8,1.3,0.4,0.8,1.8,8.7,,2024-25,0,0,0.0
240.0,Isaiah Collier,20.0,UTA,PG,71.0,46.0,25.9,3.3,7.8,0.422,0.6,2.4,0.249,2.7,5.4,0.497,0.459,1.5,2.2,0.682,0.5,2.9,3.3,6.3,0.9,0.2,2.9,2.1,8.7,,2024-25,0,0,0.0
242.0,Kyshawn George,21.0,WAS,SG,68.0,38.0,26.5,3.0,8.0,0.372,1.7,5.2,0.322,1.3,2.8,0.464,0.476,1.0,1.4,0.753,0.7,3.5,4.2,2.5,1.0,0.7,1.4,3.0,8.7,,2024-25,0,0,0.0
245.0,Tyrese Martin,25.0,BRK,SG,60.0,11.0,21.9,3.2,7.8,0.406,1.7,4.7,0.351,1.5,3.1,0.492,0.513,0.8,1.0,0.793,1.0,2.7,3.7,2.0,0.6,0.2,1.2,1.3,8.7,,2024-25,0,0,0.0
246.0,Matas Buzelis,20.0,CHI,SF,80.0,31.0,18.9,3.2,6.9,0.454,1.2,3.3,0.361,2.0,3.6,0.54,0.541,1.1,1.4,0.815,0.7,2.8,3.5,1.0,0.4,0.9,0.9,1.6,8.6,,2024-25,0,0,0.0
247.0,Jaime Jaquez Jr.,23.0,MIA,SF,66.0,17.0,20.7,3.2,7.0,0.461,0.6,1.8,0.311,2.7,5.2,0.513,0.501,1.6,2.2,0.754,1.3,3.1,4.4,2.5,0.9,0.2,1.5,1.2,8.6,,2024-25,0,0,0.0
249.0,Sam Hauser,27.0,BOS,PF,71.0,19.0,21.7,3.0,6.7,0.451,2.3,5.6,0.416,0.7,1.1,0.64,0.627,0.2,0.2,1.0,0.6,2.5,3.2,0.9,0.6,0.2,0.3,1.2,8.5,,2024-25,0,0,0.0
253.0,Cason Wallace,21.0,OKC,SG,68.0,43.0,27.6,3.4,7.2,0.474,1.1,3.1,0.356,2.3,4.1,0.562,0.55,0.4,0.5,0.811,1.0,2.3,3.4,2.5,1.8,0.5,0.9,2.1,8.4,,2024-25,0,0,0.0
255.0,Dalano Banton,25.0,POR,PG,67.0,7.0,16.7,3.0,7.6,0.391,1.1,3.3,0.324,1.9,4.3,0.442,0.462,1.4,1.9,0.728,0.4,1.6,2.0,2.4,0.6,0.5,1.3,0.9,8.3,,2024-25,0,0,0.0
256.0,Brandon Clarke,28.0,MEM,PF,64.0,18.0,18.9,3.7,5.9,0.621,0.0,0.3,0.059,3.7,5.7,0.647,0.622,1.0,1.4,0.701,2.0,3.1,5.1,1.0,0.8,0.6,0.6,2.3,8.3,,2024-25,0,0,0.0
257.0,Keon Ellis,25.0,SAC,SG,80.0,28.0,24.4,2.8,5.8,0.489,1.7,4.0,0.433,1.1,1.8,0.615,0.639,0.9,1.1,0.849,0.8,1.9,2.7,1.5,1.5,0.8,0.9,2.2,8.3,,2024-25,0,0,0.0
259.0,Mike Conley,37.0,MIN,PG,71.0,64.0,24.7,2.6,6.6,0.4,1.8,4.4,0.41,0.8,2.2,0.38,0.535,1.1,1.3,0.9,0.5,2.1,2.6,4.5,1.1,0.2,1.1,1.6,8.2,,2024-25,0,0,0.0
260.0,Taurean Prince,30.0,MIL,SF,80.0,73.0,27.1,2.9,6.4,0.457,1.8,4.2,0.439,1.1,2.2,0.492,0.6,0.5,0.6,0.813,0.4,3.2,3.6,1.9,1.0,0.2,1.0,2.1,8.2,,2024-25,0,0,0.0
261.0,Jalen Smith,24.0,CHI,C,64.0,2.0,15.0,3.0,6.4,0.466,1.1,3.5,0.324,1.8,2.9,0.634,0.554,1.1,1.4,0.809,1.4,4.2,5.6,1.0,0.3,0.7,0.6,1.5,8.2,,2024-25,0,0,0.0
263.0,Peyton Watson,22.0,DEN,SF,68.0,18.0,24.4,3.0,6.3,0.477,0.7,2.0,0.353,2.3,4.3,0.534,0.533,1.4,2.0,0.693,0.7,2.7,3.4,1.4,0.7,1.4,0.8,1.8,8.1,,2024-25,0,0,0.0
264.0,Davion Mitchell,26.0,2TM,PG,74.0,37.0,27.4,3.0,6.4,0.468,1.1,2.9,0.398,1.9,3.6,0.525,0.557,0.8,1.1,0.69,0.5,1.8,2.3,4.9,1.0,0.2,1.7,2.5,7.9,,2024-25,0,0,0.0
269.0,Terance Mann,28.0,2TM,SG,67.0,13.0,21.1,3.1,6.2,0.496,0.9,2.4,0.368,2.2,3.7,0.58,0.569,0.7,1.0,0.691,1.0,2.0,3.0,1.8,0.7,0.2,0.7,1.9,7.7,,2024-25,0,0,0.0058823529411764705
276.0,A.J. Green,25.0,MIL,SG,73.0,7.0,22.7,2.5,5.8,0.429,2.1,5.0,0.427,0.4,0.8,0.443,0.612,0.3,0.4,0.815,0.2,2.1,2.4,1.5,0.5,0.1,0.5,2.2,7.4,,2024-25,0,0,0.0
277.0,Josh Green,24.0,CHO,SG,68.0,67.0,27.8,2.6,6.2,0.428,1.4,3.6,0.391,1.2,2.5,0.48,0.543,0.7,1.1,0.681,0.8,1.7,2.5,1.6,1.1,0.2,1.0,2.4,7.4,,2024-25,0,0,0.0
281.0,Ricky Council IV,23.0,PHI,SF,73.0,12.0,17.1,2.4,6.3,0.382,0.8,2.9,0.258,1.7,3.4,0.488,0.442,1.7,2.1,0.804,0.7,2.2,2.9,1.3,0.4,0.2,0.7,0.9,7.3,,2024-25,0,0,0.0
284.0,Goga Bitadze,25.0,ORL,C,70.0,42.0,20.4,3.0,4.8,0.611,0.0,0.4,0.107,2.9,4.4,0.656,0.615,1.2,1.9,0.639,2.4,4.2,6.6,2.0,0.7,1.4,1.0,2.1,7.2,,2024-25,0,0,0.0
285.0,Tristan Da Silva,23.0,ORL,SF,74.0,38.0,22.0,2.7,6.5,0.412,1.1,3.2,0.335,1.6,3.3,0.488,0.495,0.7,0.9,0.873,1.0,2.3,3.3,1.5,0.4,0.2,0.8,1.3,7.2,,2024-25,0,0,0.0
288.0,Sam Merrill,28.0,CLE,SG,71.0,4.0,19.7,2.4,6.0,0.406,1.9,5.2,0.372,0.5,0.8,0.625,0.567,0.4,0.4,0.966,0.5,1.7,2.2,1.5,0.7,0.2,0.5,1.7,7.2,,2024-25,0,0,0.0
295.0,Jamal Shead,22.0,TOR,PG,75.0,11.0,19.6,2.7,6.7,0.405,1.0,3.0,0.323,1.8,3.7,0.47,0.476,0.7,0.9,0.768,0.4,1.1,1.5,4.2,0.8,0.1,1.6,2.1,7.1,,2024-25,0,0,0.0
301.0,Jake LaRavia,23.0,2TM,PF,66.0,0.0,20.4,2.4,5.1,0.475,0.9,2.2,0.423,1.5,3.0,0.513,0.564,1.2,1.7,0.678,1.4,2.6,3.9,2.4,0.9,0.3,1.3,2.0,6.9,,2024-25,0,0,0.0
302.0,Ryan Dunn,22.0,PHO,SF,74.0,44.0,19.1,2.8,6.4,0.43,1.1,3.6,0.311,1.7,2.9,0.577,0.516,0.3,0.5,0.487,1.2,2.4,3.6,0.8,0.6,0.5,0.5,2.2,6.9,,2024-25,0,0,0.0
303.0,Jay Huff,26.0,MEM,C,64.0,2.0,11.7,2.5,4.8,0.515,1.3,3.1,0.405,1.2,1.6,0.724,0.648,0.7,0.9,0.786,0.5,1.5,2.0,0.6,0.3,0.9,0.5,1.2,6.9,,2024-25,0,0,0.0
304.0,Cameron Payne,30.0,NYK,PG,72.0,5.0,15.1,2.5,6.2,0.401,1.3,3.6,0.363,1.2,2.6,0.453,0.506,0.7,0.8,0.907,0.2,1.3,1.4,2.8,0.5,0.2,0.7,1.5,6.9,,2024-25,0,0,0.0
315.0,Trayce Jackson-Davis,24.0,GSW,C,62.0,37.0,15.6,2.8,4.9,0.576,0.0,0.0,0.0,2.8,4.8,0.582,0.576,1.0,1.6,0.578,2.0,3.0,5.0,1.7,0.4,0.6,0.7,1.2,6.6,,2024-25,0,0,0.0
318.0,Thomas Bryant,27.0,2TM,C,66.0,8.0,14.6,2.5,4.9,0.508,0.7,2.2,0.324,1.7,2.6,0.665,0.583,0.8,1.0,0.859,1.3,2.5,3.8,0.8,0.4,0.6,0.5,1.2,6.5,,2024-25,0,0,0.0
319.0,Donovan Clingan,20.0,POR,C,67.0,37.0,19.8,2.7,5.0,0.539,0.2,0.7,0.286,2.5,4.3,0.582,0.56,0.9,1.6,0.596,3.2,4.6,7.9,1.1,0.5,1.6,1.1,2.8,6.5,,2024-25,0,0,0.0
320.0,Seth Curry,34.0,CHO,SG,68.0,14.0,15.6,2.4,5.0,0.478,1.2,2.7,0.456,1.2,2.4,0.503,0.599,0.5,0.6,0.846,0.4,1.3,1.7,0.9,0.4,0.1,0.5,0.9,6.5,,2024-25,0,0,0.0
321.0,Haywood Highsmith,28.0,MIA,SF,74.0,42.0,24.6,2.4,5.3,0.458,1.2,3.1,0.382,1.2,2.1,0.57,0.572,0.4,0.6,0.721,1.0,2.4,3.4,1.5,0.9,0.5,0.7,2.2,6.5,,2024-25,0,0,0.0
323.0,Trey Lyles,29.0,SAC,PF,69.0,5.0,19.6,2.3,5.4,0.42,1.2,3.4,0.34,1.1,2.0,0.559,0.528,0.8,1.2,0.7,1.2,3.4,4.6,1.2,0.6,0.3,0.6,1.2,6.5,,2024-25,0,0,0.0
325.0,Gary Payton II,32.0,GSW,SG,62.0,11.0,15.0,2.8,4.8,0.574,0.5,1.5,0.326,2.3,3.3,0.69,0.626,0.4,0.6,0.711,0.9,2.1,3.0,1.3,0.8,0.3,0.6,1.7,6.5,,2024-25,0,0,0.0
326.0,Zach Collins,27.0,2TM,PF,64.0,12.0,15.3,2.4,4.7,0.507,0.5,1.7,0.302,1.9,3.1,0.617,0.56,1.1,1.2,0.885,1.6,2.9,4.5,1.7,0.5,0.5,0.9,2.1,6.4,,2024-25,0,0,0.0
327.0,Kris Dunn,30.0,LAC,PG,74.0,58.0,24.1,2.6,5.9,0.439,1.0,3.0,0.335,1.6,2.9,0.549,0.525,0.2,0.3,0.682,0.7,2.7,3.4,2.8,1.7,0.4,1.0,2.7,6.4,,2024-25,0,0,0.0
328.0,Ron Holland,19.0,DET,SF,81.0,2.0,15.6,2.4,5.1,0.474,0.4,1.9,0.238,2.0,3.3,0.608,0.517,1.1,1.5,0.754,0.5,2.2,2.7,1.0,0.6,0.2,0.9,1.7,6.4,,2024-25,0,0,0.0
330.0,Gabe Vincent,28.0,LAL,PG,72.0,11.0,21.2,2.3,5.8,0.4,1.5,4.3,0.353,0.8,1.5,0.532,0.53,0.2,0.3,0.714,0.3,1.0,1.3,1.4,0.7,0.2,0.6,2.1,6.4,,2024-25,0,0,0.0
331.0,Sandro Mamukelashvili,25.0,SAS,PF,61.0,0.0,11.2,2.3,4.6,0.502,1.0,2.6,0.373,1.3,2.0,0.675,0.609,0.7,1.0,0.741,1.0,2.0,3.1,0.8,0.4,0.3,0.4,1.0,6.3,,2024-25,0,0,0.0
332.0,Jeremiah Robinson-Earl,24.0,NOP,PF,66.0,9.0,18.8,2.4,5.3,0.455,0.8,2.5,0.341,1.5,2.8,0.557,0.536,0.7,0.8,0.836,1.7,3.1,4.8,1.3,0.6,0.1,0.8,1.2,6.3,,2024-25,0,0,0.0
333.0,Kenrich Williams,30.0,OKC,PF,69.0,7.0,16.4,2.5,5.1,0.483,1.0,2.5,0.386,1.5,2.7,0.574,0.576,0.4,0.6,0.718,0.9,2.6,3.5,1.4,0.6,0.1,0.6,1.6,6.3,,2024-25,0,0,0.0
335.0,Jonathan Mogbo,23.0,TOR,PF,63.0,18.0,20.4,2.5,5.7,0.438,0.3,1.1,0.243,2.2,4.5,0.486,0.462,1.0,1.3,0.732,1.7,3.2,4.9,2.3,0.9,0.5,1.1,2.2,6.2,,2024-25,0,0,0.0
339.0,Jarace Walker,21.0,IND,PF,75.0,5.0,15.8,2.3,4.8,0.472,1.0,2.5,0.405,1.3,2.3,0.543,0.576,0.6,0.9,0.667,0.3,2.7,3.1,1.5,0.7,0.3,1.0,1.5,6.1,,2024-25,0,0,0.0
342.0,Luke Kornet,29.0,BOS,C,73.0,16.0,18.6,2.6,3.8,0.668,0.0,0.0,0.0,2.6,3.8,0.675,0.668,0.9,1.3,0.691,2.6,2.7,5.3,1.6,0.5,1.0,0.4,1.6,6.0,,2024-25,0,0,0.0
344.0,Isaiah Stewart,23.0,DET,C,72.0,4.0,19.9,2.4,4.4,0.559,0.2,0.7,0.321,2.2,3.6,0.607,0.586,0.9,1.2,0.759,1.8,3.7,5.5,1.7,0.4,1.4,0.9,2.5,6.0,,2024-25,0,0,0.0
349.0,Kyle Anderson,31.0,2TM,PF,61.0,4.0,16.4,2.3,5.0,0.469,0.4,1.1,0.357,1.9,3.8,0.502,0.51,0.8,1.1,0.738,0.9,2.5,3.4,2.4,0.7,0.5,0.6,1.3,5.9,,2024-25,0,0,0.0
350.0,Simone Fontecchio,29.0,DET,SF,75.0,0.0,16.5,2.0,5.0,0.402,1.0,3.0,0.335,1.0,1.9,0.507,0.504,0.9,1.1,0.833,0.7,2.2,2.9,0.9,0.4,0.2,0.7,1.3,5.9,,2024-25,0,0,0.0
352.0,Tidjane Salaün,19.0,CHO,PF,60.0,10.0,20.7,1.9,5.8,0.33,1.0,3.4,0.283,0.9,2.3,0.4,0.414,1.1,1.6,0.713,1.2,3.5,4.7,1.2,0.5,0.2,1.0,1.4,5.9,,2024-25,0,0,0.0
358.0,Moussa Diabaté,23.0,CHO,C,71.0,8.0,17.5,2.4,3.9,0.596,0.0,0.1,0.0,2.4,3.9,0.609,0.596,1.0,1.6,0.595,2.6,3.5,6.2,0.8,0.6,0.6,0.9,1.5,5.7,,2024-25,0,0,0.0
363.0,Aaron Holiday,28.0,HOU,PG,62.0,3.0,12.8,1.9,4.3,0.437,1.2,2.9,0.398,0.7,1.4,0.517,0.571,0.5,0.7,0.829,0.2,1.0,1.3,1.3,0.3,0.2,0.6,1.0,5.5,,2024-25,0,0,0.0
365.0,Jonathan Isaac,27.0,ORL,PF,71.0,1.0,15.4,1.9,4.6,0.414,0.5,2.1,0.258,1.3,2.4,0.549,0.474,1.0,1.5,0.682,1.7,2.7,4.4,0.6,0.9,1.1,0.5,1.3,5.4,,2024-25,0,0,0.0
372.0,Ben Sheppard,23.0,IND,SG,63.0,9.0,19.5,1.9,4.6,0.418,1.1,3.2,0.342,0.8,1.4,0.591,0.537,0.4,0.4,0.889,0.7,2.1,2.8,1.3,0.6,0.2,0.3,2.0,5.3,,2024-25,0,0,0.0
374.0,Jabari Walker,22.0,POR,SF,60.0,1.0,12.5,2.0,3.8,0.515,0.5,1.2,0.389,1.5,2.6,0.573,0.576,0.8,1.2,0.69,1.0,2.5,3.5,0.6,0.6,0.1,0.6,1.5,5.2,,2024-25,0,0,0.0
375.0,Javonte Green,31.0,2TM,SG,68.0,19.0,18.5,1.8,4.2,0.429,0.7,2.1,0.326,1.1,2.1,0.527,0.509,0.8,1.1,0.724,0.9,2.3,3.2,0.8,1.0,0.5,0.5,1.4,5.1,,2024-25,0,0,0.0
382.0,Neemias Queta,25.0,BOS,C,62.0,6.0,13.9,2.1,3.3,0.65,0.0,0.0,0.0,2.1,3.2,0.66,0.65,0.7,1.0,0.754,1.4,2.4,3.8,0.7,0.3,0.7,0.6,1.7,5.0,,2024-25,0,0,0.0
391.0,Drew Eubanks,27.0,2TM,C,61.0,4.0,12.2,1.9,3.2,0.593,0.0,0.1,0.5,1.8,3.1,0.596,0.601,0.8,1.2,0.662,1.0,2.7,3.7,0.9,0.2,0.6,0.7,1.0,4.6,,2024-25,0,0,0.0
393.0,Julian Phillips,21.0,CHI,SF,79.0,5.0,14.2,1.6,3.6,0.446,0.6,1.9,0.327,1.0,1.7,0.582,0.533,0.8,1.0,0.789,0.8,1.3,2.1,0.5,0.5,0.3,0.3,1.4,4.6,,2024-25,0,0,0.0
396.0,Jett Howard,21.0,ORL,SF,60.0,0.0,11.7,1.6,4.4,0.374,0.9,3.1,0.296,0.7,1.3,0.566,0.479,0.3,0.4,0.696,0.3,0.8,1.2,0.7,0.2,0.2,0.6,1.1,4.5,,2024-25,0,0,0.0
397.0,Kevon Looney,28.0,GSW,C,76.0,6.0,15.0,1.9,3.7,0.514,0.0,0.1,0.4,1.9,3.6,0.516,0.518,0.7,1.3,0.566,2.4,3.6,6.1,1.6,0.6,0.5,0.5,2.0,4.5,,2024-25,0,0,0.0
398.0,Mason Plumlee,34.0,PHO,C,74.0,21.0,17.6,1.7,2.7,0.619,0.0,0.1,0.0,1.7,2.7,0.631,0.619,1.1,1.7,0.648,1.6,4.6,6.1,1.8,0.4,0.6,0.8,2.1,4.5,,2024-25,0,0,0.0
399.0,Dalen Terry,22.0,CHI,SG,73.0,5.0,13.5,1.6,3.7,0.448,0.5,1.4,0.356,1.1,2.2,0.506,0.517,0.7,0.9,0.71,0.5,1.2,1.7,1.3,0.6,0.2,0.7,1.6,4.5,,2024-25,0,0,0.0
415.0,Oso Ighodaro,22.0,PHO,PF,61.0,6.0,17.1,1.9,3.1,0.604,0.0,0.0,0.0,1.9,3.0,0.611,0.604,0.5,0.8,0.58,1.1,2.6,3.6,1.2,0.5,0.5,0.6,1.7,4.2,,2024-25,0,0,0.0
416.0,Kris Murray,24.0,POR,SF,69.0,6.0,15.1,1.7,4.0,0.419,0.4,1.7,0.225,1.3,2.3,0.566,0.468,0.4,0.8,0.456,1.1,1.5,2.6,1.0,0.5,0.2,0.6,1.0,4.2,,2024-25,0,0,0.0058823529411764705
428.0,Nicolas Batum,36.0,LAC,PF,78.0,8.0,17.5,1.3,3.1,0.437,1.1,2.6,0.433,0.2,0.4,0.457,0.622,0.2,0.3,0.81,0.6,2.2,2.8,1.1,0.7,0.5,0.4,1.4,4.0,,2024-25,0,0,0.0
456.0,Andre Jackson Jr.,23.0,MIL,SG,67.0,43.0,14.6,1.4,2.9,0.477,0.4,1.1,0.395,1.0,1.8,0.529,0.553,0.2,0.4,0.5,1.0,1.7,2.7,1.2,0.5,0.2,0.9,1.7,3.4,,2024-25,0,0,0.0058823529411764705
